t,value
0,10.74507122951685
1,12.229076699058808
2,14.640098962675445
3,15.659323053987157
4,11.990592910628013
5,11.501055012778027
6,15.070250750414939
7,15.735859902965734
8,15.612853720355716
9,17.53389494672103
10,14.813357632402587
11,12.810543316635075
12,12.40959129258781
13,9.088659128685752
14,10.39345520084925
15,13.12200793095013
16,12.246676790558064
17,12.593956846709553
18,8.518086657732006
19,6.254270868197608
20,10.637243929207198
21,9.46753165555258
22,11.411972908939306
23,9.644611134984942
24,10.112487420105177
25,9.72793454371398
26,7.247468855950411
27,10.526902655752899
28,11.315377345393005
29,14.091484853442601
30,14.792369888061964
31,18.171307970684992
32,14.387190886839841
33,12.42998874831974
34,16.24268963868008
35,15.239979341534012
36,19.322048766424356
37,16.69264674597589
38,16.652786724219276
39,17.158533249165615
40,16.708634253732832
41,15.943532641203339
42,16.67464830174471
43,17.480499976767177
44,15.570770146218669
45,15.076628843104277
46,13.190576083079996
47,13.887305988225737
48,12.776043187778246
49,10.849311225151304
50,15.33207302576149
51,14.45328813544877
52,12.880805618807544
53,13.1805149696907
54,12.984328594101704
55,13.625228762350444
56,13.071113421209713
57,16.081844006621182
58,18.170249745646792
59,18.856866956352228
60,15.770894654591125
61,15.957238241912759
62,15.754251182512016
63,17.90718817518998
64,23.111620576277364
65,24.819991267778164
66,21.96148333646917
67,22.05089119423586
68,20.056080148877985
69,18.820383480185818
70,21.626631551368508
71,24.54562113455311
72,22.037900327208693
73,22.724031540517952
74,14.008300486355907
75,17.34508133665918
76,15.878100764620292
77,16.13736376020524
78,17.619043884532175
79,14.30430310816574
80,15.403496620031532
81,14.194231122315962
82,14.600596431911237
83,11.95419746676976
84,13.200067575284434
85,15.492077842525054
86,18.411321559301697
87,16.978102149282844
88,14.582528903480696
89,15.764841200419657
90,16.269069135590456
91,19.893584625845087
92,19.684366643833275
93,21.31459908308664
94,20.739662795569384
95,17.897952224273794
96,19.833814216663825
97,20.409450319788952
98,21.68687496568153
99,22.842801877243165
100,21.268718275898273
101,21.234483034662002
102,19.06053251526219
103,16.64624815649725
104,17.290852568050685
105,18.96911525942704
106,22.023402552534506
107,19.14147553192857
108,17.544568269648842
109,14.759958028851376
110,10.471284834220864
111,13.384543337670085
112,14.907780603660377
113,20.05186674056393
114,16.57607759499103
115,16.49428811965403
116,14.638051717486581
117,12.34351977423329
118,16.766027839794912
119,18.364944914055208
120,20.630787837858765
121,19.100034557596103
122,22.078448788855702
123,16.656697727413523
124,18.979827762352365
125,22.071972699300364
126,19.025234735853555
127,21.234958319851195
128,22.47297571069944
129,20.183647415412437
130,16.427427665728565
131,17.191446503796342
132,15.186132495594912
133,18.271291781030055
134,16.905182392466475
135,20.12917384583129
136,14.688284819651313
137,12.825834662275069
138,12.70028812193273
139,9.373626808397438
140,12.603578891954582
141,15.410005715888019
142,11.205261044547093
143,12.756826971332384
144,11.24392715765235
145,11.211685779549326
146,8.980099397260698
147,10.952549303522154
148,15.912523780744781
149,16.663505530406997
150,16.25132386453348
151,15.277786500569285
152,13.24595869775494
153,15.53183060052867
154,17.631229567337268
155,18.017254284965297
156,22.47670626656184
157,19.365608012899784
158,15.039626415326453
159,16.484035575183338
160,14.031237496023879
161,17.7105898898081
162,19.187553700767804
163,15.866667369406239
164,16.655095985999438
165,13.25027140596798
166,11.931949456010397
167,13.104523975382682
168,10.683572678801445
169,10.795123121554393
170,10.393427887970653
171,8.961874329918015
172,8.011806427767043
173,7.378985625425784
174,7.635452446901015
175,10.13102736716251
176,10.706741748816142
177,13.596517633056568
178,10.366872627498427
179,13.598925257642748
180,9.89710218810015
181,8.582474798547551
182,10.320121490405263
183,14.65075662640831
184,14.331177121906999
185,14.902362438865834
186,12.929335390503375
187,11.01667105008501
188,10.089822108581664
189,10.359676765244567
190,13.101911702335478
191,14.899923334703114
192,12.212324663272453
193,7.569328022178769
194,7.849755268676774
195,7.770100332936517
196,6.658847377890405
197,9.051456886387365
198,8.639863039241483
199,5.2006454582350425
200,5.282131674747375
201,4.083274076878929
202,4.982752244547743
203,6.390028925453374
204,4.351226895188126
205,5.59204484697372
206,7.020596450100484
207,5.731499036264175
208,5.191984658549027
209,11.189158438527626
210,8.466922381048036
211,11.51408401016837
212,12.231254962079737
213,11.234040866100596
214,8.494167963704825
215,9.351353247662896
216,7.630499759612283
217,10.037922718887284
218,11.11049567395898
219,12.070926822270263
220,13.909546410250721
221,5.333839554772843
222,7.394944075336398
223,3.549933961505796
224,5.974672092673417
225,8.993378013499294
226,6.952847789801386
227,3.297469631831641
228,1.3064595655157758
229,1.6077539846272044
230,-0.7145847829441667
231,1.8114327628967395
232,2.8111515884347154
233,2.00245983522145
234,5.124596804948341
235,1.289812047126399
236,-3.4718020473783824
237,0.6666244482907095
238,1.4959138651479382
239,5.945317317912922
240,4.525268515494826
241,5.136569478640594
242,4.9913624594234935
243,5.0648414299052
244,2.8921464822853507
245,6.196230379132848
246,7.87296092039011
247,8.183313633956839
248,10.781243569326003
249,6.915470563428027
250,3.1086380638245714
251,6.28638052577063
252,9.073358818283031
253,8.336347401009228
254,4.172960614427225
255,3.8959605802139095
256,4.044899642659324
257,-0.7048852629898259
258,0.7686944646107357
259,2.2814792220351006
260,0.8612273701124316
261,2.250282073783964
262,-3.757344740762129
263,-2.169501911409543
264,-1.945755462618009
265,-2.7617436561934836
266,3.5416162422232222
267,1.040176301356551
268,3.525289166077529
269,3.970155136005231
270,4.897601414600147
271,0.19159021720888125
272,5.131078780507074
273,5.553035655754022
274,6.122571453448351
275,9.050436190843241
276,7.814916340342961
277,4.974540484074868
278,4.839051805176038
279,4.3329649182067085
280,6.292159723981842
281,8.197415412736634
282,9.379822395946798
283,3.3893847728484774
284,5.983745731362555
285,-1.9743046065471845
286,0.3753365774821239
287,2.356481693225292
288,2.8423427860583903
289,1.3606715166927188
290,0.5171093964324384
291,-1.880784416865024
292,-3.180877480335477
293,-0.5414391871517725
294,0.5461548907363378
295,0.9586038569238884
296,4.304319926122616
297,3.031798355970325
298,2.854838173759418
299,2.3711363231865192
300,1.48349494383152
301,4.246293863645989
302,8.542329871804318
303,9.438877345179865
304,8.042099738728083
305,7.038293465201883
306,8.093789693088134
307,5.932101719694935
308,9.311101664910947
309,9.70856278311732
310,9.885291592462597
311,10.459661652275866
312,7.8816143715319225
313,6.25769781565172
314,6.793104701487325
315,5.806061986486389
316,7.732907465987926
317,6.029406450953736
318,5.354354074510155
319,2.476802013142632
320,1.38247971555932
321,2.289343271984306
322,1.645897639014452
323,7.634946868588281
324,3.5800490051375244
325,2.5333199724107027
326,4.832821472507266
327,3.7888582880952284
328,4.600155628701763
329,6.9087982161937
330,8.283413193388043
331,8.116790199512852
332,9.241536474085553
333,7.067443884204625
334,9.072106842765267
335,8.27846768707411
336,9.205558408148766
337,11.772351658189104
338,13.367293007297496
339,10.788710687657202
340,8.50249755985937
341,8.738407519656944
342,8.746774684967404
343,8.727709799616893
344,9.842679646634604
345,10.763151889376557
346,6.653715843954181
347,4.515921679781145
348,4.077239353447182
349,4.930029289408568
350,7.110566307348143
351,10.264011391337831
352,9.717757354880195
353,7.260732477491233
354,6.044978654893141
355,3.94573899022911
356,6.402091894929263
357,8.271082971081153
358,11.5540989840398
359,11.080722307365992
360,12.915478518693156
361,13.595773498602872
362,10.91307856329618
363,12.861073629215138
364,15.559252325014995
365,16.068833383617584
366,17.83744869049678
367,16.730351766685477
368,15.255270252945458
369,12.840170063997991
370,14.24227023384038
371,16.195362635927964
372,18.74644639298932
373,17.85513128760134
374,17.955019779535036
375,11.191718053153345
376,11.916751739812394
377,10.644518705091714
378,14.651919108485735
379,11.240462672527904
380,11.214687721478509
381,10.261645540390434
382,6.15579360597286
383,7.543391371407397
384,7.809511978827667
385,11.119757289720534
386,13.493390338581406
387,16.827195887633398
388,15.102856263725775
389,11.896290286206305
390,11.195781299107926
391,14.543891255225576
392,14.24675941608633
393,21.345996925693626
394,21.484844992534686
395,18.558870811251534
396,15.465201518333217
397,19.356135724452113
398,17.768982464784283
399,21.445679720503026
400,18.705609058649884
401,20.274887804897734
402,19.68012643524393
403,17.50098414969437
404,15.10777824988606
405,16.508313835567034
406,14.942874237365372
407,17.33363737438235
408,17.615235501629442
409,16.714633756210034
410,14.976759005925675
411,10.971556278032818
412,10.71614683539645
413,16.61706309549288
414,17.02823727750629
415,16.1972272270838
416,19.093231277973004
417,15.838276532377064
418,17.066276374471073
419,16.552237332728033
420,21.89533719747449
421,23.780804203770852
422,21.899128489928504
423,23.315037705283615
424,21.658849987215394
425,22.10868021750286
426,19.30206237744082
427,23.498235890904976
428,25.619572033662205
429,21.623506300551828
430,21.10055389992377
431,17.64388130900506
432,18.666574033824396
433,19.895744144596094
434,21.94089220234444
435,20.639998629007614
436,22.642553081470354
437,16.371766795610657
438,13.547003015823108
439,14.432300189366787
440,15.097985137110829
441,15.800329599777552
442,14.232726091871104
443,17.67096333193701
444,15.013883587309966
445,16.643917090917945
446,15.654123773515002
447,14.7502371456665
448,17.720251717431008
449,19.301723520188926
450,22.054913867972793
451,23.249081336036078
452,19.322541699020118
453,21.13553177059075
454,20.542726436453734
455,22.172668487248583
456,25.093586359635665
457,24.270464263239216
458,23.94076675498751
459,21.114950585502946
460,24.504549163007848
461,21.588045173258916
462,21.522214481508186
463,23.83369421667501
464,23.038706695514392
465,21.062509064357233
466,19.840140338243433
467,18.25629180952529
468,16.0463740485871
469,16.9579838715741
470,18.492325348515497
471,15.480147713035446
472,15.355689420429892
473,17.86341612764547
474,17.261827189072342
475,15.007669549893723
476,18.13558769973811
477,19.73465042092237
478,24.790600380425623
479,21.346463166940726
480,18.34622321557008
481,16.628562811480275
482,16.613333056180434
483,21.40701700184925
484,21.96017810759941
485,21.668520054274854
486,21.945343586928313
487,19.615400601370908
488,22.60155479363119
489,21.552821379512643
490,21.420926570374974
491,24.734414207426802
492,22.43288810346044
493,19.28098459043356
494,20.40973701325724
495,17.118460652042156
496,14.418082468684851
497,16.57111332196783
498,16.4963819950415
499,15.608069345507158
500,17.59453692394152
501,16.9493672289627
502,10.669514837718564
503,13.91737272138829
504,13.73476824917163
505,15.765500857858456
506,16.34959481862702
507,15.330389066503397
508,15.523775838290799
509,13.743906515555713
510,16.43353829897895
511,18.16460125074963
512,20.057966455245285
513,19.98695317255063
514,19.851115357986796
515,20.443630074242076
516,19.16984599176133
517,17.374930597634886
518,20.42998383071885
519,22.686925227653926
520,19.002760548768773
521,20.659322422624108
522,16.41199700540611
523,16.378781149430107
524,13.893366607062255
525,12.985103174696324
526,13.899362622542938
527,15.910571199268434
528,14.316161118162439
529,10.09249715045013
530,10.695636726026926
531,7.135787675609056
532,10.744579156544603
533,10.398877296855497
534,11.58951171132017
535,11.674436124308624
536,8.83624669760424
537,8.850419211752342
538,11.806162487579927
539,11.552420097799477
540,15.836796846720338
541,13.88995753529515
542,15.893954804030932
543,16.07430087487043
544,9.594163155719304
545,12.863570810946609
546,16.739084235944755
547,17.24929685998918
548,18.471456565949108
549,15.757848785754863
550,14.750830037114829
551,12.745288387512792
552,14.448002407976597
553,13.88791092628091
554,14.764938181900328
555,13.187733959085477
556,11.1562924133371
557,8.702062661841223
558,8.123304655471921
559,6.640035084713484
560,8.737222367087366
561,12.578222347321656
562,10.900440531487229
563,7.914305021097069
564,8.509632229457441
565,5.19446731704091
566,3.4435554687033463
567,6.967946640852071
568,7.736684990628919
569,10.956379659116944
570,11.008661393878091
571,12.332742782184487
572,9.760506801532483
573,9.793296666012138
574,13.299777713097939
575,10.5541176773354
576,14.725502194050868
577,14.41303180754708
578,9.116331995520092
579,11.62840001512232
580,10.323093474927907
581,10.142742519304655
582,12.555812166491632
583,14.592154460494879
584,9.515338904348713
585,6.9949916225671815
586,3.977548306291757
587,2.9474947662062516
588,6.275932161129672
589,4.658165576214624
590,5.912271031948358
591,3.6303752222492554
592,3.114739500036034
593,1.7672473530874202
594,3.329263031113758
595,2.851919796910604
596,5.202710733375006
597,5.079289147877962
598,5.454426126435304
599,5.679437142582556
600,5.935574554366409
601,4.453259661951593
602,9.329807970290648
603,12.192128293433154
604,11.6509507421445
605,13.14189342608149
606,7.681095982388847
607,6.002195315823672
608,5.548154988732447
609,11.83529161181686
610,11.803904615327674
611,10.660791476183087
612,9.503601848042432
613,4.990187947315812
614,8.530775604365637
615,4.673054755245644
616,5.433977149818474
617,7.176481074493186
618,6.507021674201838
619,4.435282651828581
620,0.6823926692123083
621,1.124350145563346
622,3.3976571078366375
623,4.074871008571218
624,6.07638647754879
625,3.5140230195766633
626,2.0521550688907775
627,2.0621882530626756
628,1.7916981102179264
629,4.338051986733024
630,2.358339851658436
631,9.395478152243637
632,7.8643656829665805
633,6.937712948281915
634,4.801632697907636
635,3.1289557970129476
636,7.4845673959033885
637,8.04292729573562
638,7.542717070311539
639,7.764793031923011
640,7.835115539479189
641,8.703701819072933
642,4.228131448769988
643,2.1747584718199544
644,5.004073742094436
645,5.8905288468935115
646,2.0184941201246227
647,4.3238480919804045
648,1.8215899630033539
649,1.729322021921062
650,3.566669549768474
651,3.783255711945289
652,3.142980846363969
653,2.3210984618431647
654,6.9659618523348925
655,1.817894378187346
656,1.1644341681404884
657,2.108411872565031
658,4.713919120607933
659,6.537461267049494
660,7.086849451670422
661,6.8528800974904795
662,6.6643484036133875
663,5.528605046391797
664,6.280871421808765
665,9.576854930638122
666,10.96542905907885
667,14.20703857361275
668,6.952226494936788
669,10.732510474825457
670,9.63321936047037
671,4.652934403188347
672,8.306147580362223
673,9.225049660841734
674,7.3886061887288115
675,6.546759487831906
676,3.604703719621592
677,6.1392686446145355
678,4.684320437506019
679,6.225905904288987
680,6.554375111915249
681,3.8898995700392165
682,3.590325584962624
683,3.409813922172068
684,-0.045389913218605304
685,3.592377310558775
686,4.218032024406558
687,6.197460479146249
688,8.932687881604464
689,8.246992567517292
690,6.146427677399259
691,8.202664843149755
692,6.069669306226512
693,10.973341849664793
694,13.222422114911183
695,12.875181217817746
696,13.248432840327132
697,9.516075583031272
698,11.92502536778649
699,10.733899483490335
700,11.739557827777507
701,15.357938701113133
702,12.703629957171334
703,10.070794982440699
704,7.561612331051026
705,9.145110807755879
706,6.12740721475299
707,11.704799100071499
708,7.038913067272708
709,12.709581969185175
710,9.130330900351765
711,6.796035933926706
712,5.04826518341711
713,7.00657428147005
714,8.219538181738875
715,11.93992925105419
716,11.414882061507054
717,11.06683619446505
718,9.323604491110759
719,9.519842435685982
720,11.295994719636461
721,10.668202297884667
722,13.571336963441023
723,17.822113346132372
724,16.512569280020863
725,14.756568540891852
726,14.352650665159477
727,15.457866780198366
728,15.761094931391558
729,16.884080373754184
730,18.503232621954464
731,15.3006048422333
732,15.175137742116124
733,10.371533021643405
734,14.243855920865657
735,14.336825597867612
736,14.948547717609777
737,15.839437467167635
738,15.269514798684675
739,12.147197596835666
740,6.498471276472387
741,7.588474664587736
742,10.155030329005301
743,12.88134774664352
744,14.356452132427012
745,11.918909121664035
746,12.206076977685848
747,10.489136702353875
748,11.968867028856845
749,13.287691011012054
750,16.562345403929562
751,17.17061166717335
752,17.489303832907563
753,19.57673094375598
754,16.182278801615812
755,22.522518097210398
756,21.328647131194085
757,22.736523280474582
758,21.71318453113684
759,22.97170528371385
760,19.177827655333104
761,18.862715536624904
762,22.50919422536258
763,19.59721902934062
764,22.46958043085183
765,19.479426739694144
766,18.794575615174004
767,19.186424892054593
768,13.979998528318221
769,17.57854641392236
770,17.14285986322767
771,16.582111919785234
772,18.67791050685566
773,18.166699197675833
774,16.10959272257342
775,12.081944351215984
776,14.201079995813679
777,17.060543297386836
778,19.54568219783157
779,21.695462306536015
780,20.69990941304943
781,17.445523580350674
782,19.65689344558662
783,21.04934365993393
784,23.111820571713416
785,25.923984239736065
786,26.2814730017123
787,24.84165741536102
788,22.373737878722196
789,18.825260741549165
790,22.13266877952908
791,23.02783585496831
792,24.249852178440257
793,21.79796749450835
794,20.443176994352317
795,21.32196561824928
796,18.024103425849418
797,18.95621700944835
798,19.074624194452515
799,20.27132259453124
800,21.76958570198862
801,18.265233909179265
802,17.355373680456466
803,15.497714319809857
804,16.141796183609447
805,18.25667413568633
806,21.11385779250995
807,21.059044180503417
808,23.27814522269038
809,19.076969564454657
810,19.845448702667763
811,20.637547275143056
812,25.779869734990175
813,26.148480550865102
814,28.371531709130732
815,23.975960228604666
816,25.19109242074886
817,25.21008962395267
818,24.3907754157103
819,27.27268489530687
820,26.150045000722614
821,28.971439006965944
822,28.645296235678863
823,22.23928114516295
824,20.284077773307306
825,22.729390252352292
826,23.68574674194405
827,21.324669888832872
828,21.150902343417318
829,19.6485946137119
830,15.802578694662284
831,14.974341295595138
832,14.993635052966702
833,16.827526021306408
834,19.562478397606043
835,20.57437445684859
836,21.82818488465532
837,16.75243187102022
838,19.226378983948567
839,18.469343636627137
840,20.976594524351956
841,24.334778295082028
842,22.712547459271015
843,24.525473473890155
844,23.02484134023444
845,22.887872038846854
846,23.303005435454693
847,28.313467652893824
848,25.291013534328123
849,25.745124997519916
850,24.291943027989824
851,22.170137447510747
852,20.36660099508057
853,22.806548330495925
854,23.971652876398117
855,21.772618250006254
856,20.99171240902225
857,21.12278903619198
858,17.171069356295042
859,17.2745306386623
860,16.53487092573375
861,15.168841761869365
862,21.116849179959576
863,21.811913568851402
864,17.19906270594457
865,16.021827782780278
866,16.29543999384041
867,17.20512999177825
868,19.786544883546256
869,23.962307424614174
870,21.674799179822564
871,20.25834909437512
872,18.207987438808587
873,18.58421771390055
874,20.404771101893164
875,24.976542490169493
876,23.199602759203042
877,24.67470832520154
878,23.05287248892101
879,22.790246613242324
880,23.23487386965612
881,18.421027492426184
882,19.321616645248138
883,22.373924142334044
884,21.347669137226703
885,21.1183888984878
886,16.602118298701342
887,13.259585509612355
888,14.297605891431266
889,15.96644591483179
890,16.55162527942871
891,16.066958635027724
892,15.581360342983677
893,13.922304494259642
894,13.247030406361143
895,12.7784387573517
896,13.507894450886338
897,16.056211830763075
898,18.645386206171324
899,15.211648614056967
900,15.976189688784125
901,14.351895847949473
902,15.944667325111153
903,19.89837546888411
904,20.26048493148227
905,20.748898548711352
906,17.746911667833537
907,19.21667134652223
908,17.878675611814565
909,20.284989494586412
910,17.739486352952806
911,19.556874619868154
912,19.33551829832286
913,19.49921500861911
914,14.441608151398384
915,13.071001800866009
916,13.094541065659707
917,13.195526634319709
918,13.034040499603737
919,13.687973559214015
920,13.338311032618272
921,7.9906573820152325
922,8.324113980734232
923,7.282261723896783
924,11.656135573943798
925,9.249905761054023
926,11.317893769080893
927,11.985654117369679
928,12.465968869164332
929,9.43175677150468
930,9.611018846991058
931,15.358643389501731
932,12.429928303208754
933,12.134430821753723
934,15.372054902062342
935,12.479623023327523
936,10.752319610755526
937,13.732091123925944
938,14.458264018797347
939,14.530581834440685
940,13.431471703041245
941,15.049692544879612
942,12.353191343930549
943,9.444543270558501
944,11.999553692471139
945,8.420782552581267
946,8.547566064908747
947,9.47492083302366
948,8.726690270165756
949,6.888787342664441
950,4.6660368737053535
951,5.541924265487379
952,4.451802262457592
953,9.968324053124402
954,8.133487271846828
955,9.069209720520035
956,6.527622948286402
957,6.090007859372666
958,7.212181180810717
959,9.223639730494158
960,11.743757519141779
961,13.823786694930341
962,11.67440732272146
963,11.275336405678196
964,9.470351284198253
965,12.50939976322595
966,11.119695872791173
967,16.47044283181891
968,14.008623747372585
969,10.596463640320636
970,10.803805830286747
971,7.97426828957706
972,9.99001458719199
973,8.565667784705024
974,9.624035454811391
975,6.994560279396719
976,7.214748357577234
977,1.6982259748915114
978,1.1140622120246841
979,4.345319273016408
980,5.391482588796939
981,5.995194062502824
982,4.023995130109513
983,4.210966035754129
984,2.592195364155523
985,-0.01616375858342911
986,4.712205290609306
987,5.812485975696747
988,6.307836649413827
989,7.721749243324552
990,7.6149615774347525
991,3.2231482123330206
992,5.536130673739892
993,5.9273153067404944
994,7.594782596198737
995,10.724290684302987
996,14.5959910109641
997,12.014209726780155
998,8.556552193720435
999,9.144861640160013
1000,10.5897563772822
1001,11.009447006718908
1002,10.737336272182155
1003,9.442562248827919
1004,9.701560225718692
1005,6.806613650239888
1006,5.78027844336002
1007,5.116159694960565
1008,6.7071911925427585
1009,5.392299727361536
1010,8.171666518313057
1011,5.15749558388235
1012,6.13142528689507
1013,0.9466501282247526
1014,5.164620110341806
1015,4.7577917187592575
1016,5.512802340915929
1017,6.724930564846769
1018,6.547797443158952
1019,6.645630055552997
1020,6.4544837966326485
1021,5.93333043522121
1022,9.021352658740277
1023,14.468121384253259
1024,14.771067886296366
1025,12.173630218855278
1026,10.126829209748285
1027,9.306777158418546
1028,10.419518972540805
1029,9.363671626048536
1030,11.767106550285828
1031,9.599310968225154
1032,11.073243040021536
1033,9.080752797087037
1034,5.620148398185202
1035,8.386991610924813
1036,5.056913974786992
1037,5.612595915028188
1038,7.957516786077005
1039,7.639058153077178
1040,6.517087418484984
1041,2.0270605820432563
1042,4.687110600842027
1043,4.710389367067754
1044,6.37591380724853
1045,8.810052021448978
1046,7.9911583605988135
1047,3.649598152311351
1048,7.98574661073888
1049,9.138675304127691
1050,8.645686095709543
1051,12.574584070611538
1052,13.916080903425902
1053,13.2360218385145
1054,10.952071940340954
1055,10.247726415614112
1056,12.034926011568599
1057,15.686290946988192
1058,16.447367285340995
1059,15.453203573790184
1060,15.931034799589785
1061,8.479030006491293
1062,12.991983509638192
1063,8.552460711564933
1064,11.623676502659249
1065,11.457288714540223
1066,10.98190272471819
1067,13.010277352072732
1068,8.315278286433193
1069,8.021254576040763
1070,7.49103862635483
1071,9.64009563339411
1072,10.541755749553174
1073,8.972406609805361
1074,11.539757885977165
1075,7.940161614102217
1076,5.763096072364056
1077,8.451769232717995
1078,13.606448892770182
1079,14.95352774942689
1080,14.333122428346229
1081,14.0439779089368
1082,13.115558564553238
1083,16.33964526198372
1084,14.808925255650419
1085,16.96442101421481
1086,19.825032256771628
1087,19.28569867259592
1088,17.578136954438662
1089,15.918376669446173
1090,14.872964219958456
1091,15.041587463222392
1092,17.383742384198623
1093,17.48920647345604
1094,18.403307846013934
1095,15.58947420141379
1096,13.593685750827094
1097,8.94023880047585
1098,13.314404193827945
1099,13.737929311026107
1100,16.113950722168376
1101,10.505801648874154
1102,16.89791555035487
1103,11.974264957622642
1104,13.073813429141264
1105,10.696781956045921
1106,15.333600371568329
1107,15.107735133053232
1108,16.939104645805834
1109,20.526701326601334
1110,16.527914980539695
1111,16.949793726231672
1112,19.17184685670871
1113,20.96450597998219
1114,22.705838492156456
1115,23.989724020196324
1116,26.401905433874976
1117,21.2584177791931
1118,20.687816446201584
1119,22.31116946872292
1120,23.765808092965482
1121,25.119199924335508
1122,24.22815805644911
1123,19.920522026663715
1124,21.72675008920915
1125,15.813272869279084
1126,17.705058661182402
1127,17.042156861628264
1128,19.058095335003834
1129,19.537963036497967
1130,18.061499016597992
1131,16.22620510131125
1132,16.828367968920467
1133,15.52618855438619
1134,16.25202385074677
1135,19.98836243159974
1136,21.21288352145241
1137,17.127810485523604
1138,18.85212178635184
1139,18.720947821199722
1140,18.44751460431261
1141,23.371476550044743
1142,23.47725931588345
1143,25.057626815640667
1144,24.230307660188053
1145,23.37822197413694
1146,21.106976703004285
1147,21.320232157812015
1148,27.634617951090164
1149,25.58960965215985
1150,25.6722374016961
1151,22.505538505236537
1152,22.58936375838578
1153,19.941638718164974
1154,24.176167706951787
1155,24.16219944521873
1156,22.550689752019778
1157,26.75166566726334
1158,23.229129527297935
1159,19.087646773843574
1160,14.408790151931534
1161,21.77450585692644
1162,17.752274709468615
1163,19.013592143923518
1164,23.62868703658151
1165,25.037339571433588
1166,22.20777859196153
1167,20.48910004532288
1168,21.595986409366688
1169,24.2744727499062
1170,26.445029497119634
1171,26.853211001287722
1172,26.202566271310342
1173,24.842047844886306
1174,23.249240220317414
1175,24.749798409650705
1176,24.459666825779706
1177,28.52813299403586
1178,27.534627325003182
1179,26.079842738747757
1180,25.92152275784105
1181,26.1762693444134
1182,25.257614249333248
1183,22.40604329673018
1184,24.100530098937554
1185,26.615238251771373
1186,21.887762407701974
1187,20.568160143164516
1188,19.99843329443888
1189,17.557186344765178
1190,20.305917325580438
1191,19.428623874184428
1192,20.788902457776015
1193,21.12727880174763
1194,16.724740369502943
1195,19.051299123560636
1196,19.248294027282547
1197,22.29383950341393
1198,24.086026910364836
1199,26.9724599724967
1200,24.8582953368215
1201,22.994484070080766
1202,23.414450114818496
1203,25.04683573253239
1204,26.395656132008757
1205,28.361572277951293
1206,27.91694606634903
1207,27.03118606248187
1208,24.170922894614563
1209,27.64814742263985
1210,23.227105382199138
1211,25.164021381191972
1212,26.117932627346967
1213,28.257097201378393
1214,24.654412204674887
1215,24.457931090328067
1216,19.710861931485613
1217,20.76567290045344
1218,19.950658335708642
1219,25.358201441833693
1220,20.22230945572496
1221,20.986098267848973
1222,19.472166688342295
1223,17.93874140944914
1224,17.448473588691858
1225,19.25515867048685
1226,21.36467053574348
1227,21.857918504393027
1228,22.920770556272057
1229,23.592823002502435
1230,18.926373455516458
1231,18.661516083693208
1232,22.68438949712328
1233,28.727638183442036
1234,24.43087835557825
1235,27.297355902130107
1236,25.77894557627584
1237,21.3723296464419
1238,23.322442839660248
1239,26.213922258224198
1240,24.371053664062302
1241,24.50494592251616
1242,22.238824951373072
1243,19.159367658125483
1244,17.88126482214468
1245,16.641261825324754
1246,19.338871531200628
1247,18.985295798533606
1248,20.237092838856146
1249,15.927798723977668
1250,16.599185484902314
1251,15.858871163938842
1252,11.741308317004329
1253,16.749590958004926
1254,19.64204482337507
1255,16.568946600798753
1256,20.141527851533386
1257,16.97215901148605
1258,14.741075601284862
1259,16.70014398713582
1260,19.814557417989626
1261,21.2821581393714
1262,22.954927593811593
1263,20.20980760912049
1264,20.540499484371882
1265,17.395440468185086
1266,19.907946451520502
1267,20.302486426643696
1268,21.978812645735843
1269,25.022417651225265
1270,23.269515060583895
1271,20.216505670128672
1272,15.866464364023669
1273,16.603350628946025
1274,19.579014031259895
1275,18.615442890026074
1276,21.342741067367136
1277,16.474082465454533
1278,13.598514977558162
1279,11.015034997074562
1280,11.429285941694674
1281,12.06205009052843
1282,14.563323835969
1283,15.12600783554625
1284,11.391901469713545
1285,8.953798500088503
1286,7.371240999431751
1287,11.654918795607884
1288,11.284328753110577
1289,11.831373801345478
1290,16.632694975082522
1291,19.32418096885049
1292,14.439525555726078
1293,15.175968863120225
1294,14.903182286406329
1295,16.57188640493994
1296,19.9192115773672
1297,18.614700596514396
1298,18.3511704690402
1299,16.53642789972482
1300,13.671244508554134
1301,15.997291363414334
1302,15.15226203334754
1303,15.10228091212679
1304,16.627459135990268
1305,12.56649881504138
1306,11.398707984073548
1307,9.47368560960328
1308,10.780247305329596
1309,10.796583571358246
1310,11.094560834806366
1311,12.361093550511871
1312,11.89808839984629
1313,8.824339287068288
1314,6.980496042876543
1315,5.584402030323146
1316,7.846964336449519
1317,10.987679315286092
1318,11.43881730988364
1319,11.568055342911835
1320,10.80103690044412
1321,11.025387651826307
1322,11.070364729198282
1323,13.96078137998736
1324,15.287728983811963
1325,12.892409869771
1326,13.507132937738797
1327,12.95938802620676
1328,10.120697630516867
1329,12.911379682639076
1330,15.417673827929779
1331,15.930620897284133
1332,13.47699868331805
1333,14.176212549025003
1334,9.598434375154326
1335,6.936260959582654
1336,6.06743198908967
1337,7.300946335731832
1338,8.01505297177751
1339,8.622352422917645
1340,7.037461869088836
1341,4.72568271049853
1342,4.115880956410993
1343,5.622188358342838
1344,6.981662399532384
1345,5.21187128929097
1346,4.4597822663907865
1347,9.20254128791862
1348,4.709913640400936
1349,6.108743078327026
1350,5.885595768322151
1351,7.192051834643593
1352,12.93685050303229
1353,14.260293300729433
1354,11.702089675150527
1355,7.3645305210889465
1356,9.642360514026187
1357,11.587528642249797
1358,10.348697587941427
1359,14.260093731304385
1360,14.05902128037592
1361,13.44798516060309
1362,10.488229498002896
1363,7.141485525863598
1364,10.092184813437095
1365,8.898517396776777
1366,9.930649956073392
1367,8.256995018580502
1368,7.266351001440412
1369,4.30970893543698
1370,3.8448658682170276
1371,6.734577501826435
1372,3.489625606451641
1373,4.654876330690481
1374,9.780077292063147
1375,6.431076781181645
1376,4.389564325532782
1377,6.366672102303679
1378,4.869836901453128
1379,10.729340223150878
1380,11.253433864577367
1381,10.577263386157693
1382,14.122954897668844
1383,8.847514202132
1384,10.310266151405951
1385,10.451567930998035
1386,13.81697951614622
1387,15.935381864025763
1388,14.053865388445116
1389,11.68259404887558
1390,11.525874548758653
1391,8.37928469821348
1392,12.346530462212018
1393,10.565469324120285
1394,10.800508905439555
1395,11.419380979315525
1396,7.461804213480782
1397,5.75707457533518
1398,7.475011583955143
1399,4.717850215673923
1400,5.461756194481538
1401,9.180238765030102
1402,10.471929182203967
1403,8.78047372674223
1404,7.709770402871955
1405,4.398840212262796
1406,4.325477861862856
1407,10.929781301071772
1408,10.506650248694976
1409,11.814484071929026
1410,13.94802312019623
1411,11.901998628909775
1412,11.484375583087566
1413,15.185306491767005
1414,13.194676170254608
1415,17.656623009401358
1416,17.140983571006952
1417,16.63014618222864
1418,16.88059086933489
1419,14.20561571763162
1420,14.423889689595246
1421,16.43655793036424
1422,15.37196193469422
1423,14.479044923067992
1424,12.453395304496532
1425,8.664058215228643
1426,12.940695206579731
1427,7.941842954679682
1428,10.243302418169261
1429,11.228264568159593
1430,12.110354302956097
1431,11.545511150917667
1432,9.781517083101432
1433,6.596381572622818
1434,7.828114746411164
1435,10.44204623400875
1436,11.726965515335158
1437,15.540254142753062
1438,13.528844465687026
1439,12.979804759829882
1440,12.65606349540862
1441,14.688872003042718
1442,15.627413897916702
1443,15.790268172365604
1444,19.46166806227001
1445,17.443600415960525
1446,16.413332621012785
1447,17.39137915648172
1448,19.001668723873077
1449,18.84304969148828
1450,20.803206056185417
1451,22.992275318277112
1452,19.322460845476755
1453,20.64793968450921
1454,15.973630534415195
1455,12.304720389213909
1456,17.077218332415068
1457,17.554650877634533
1458,18.839654105589396
1459,16.459217000504317
1460,13.246058332456359
1461,10.40610220932964
1462,12.32911453351491
1463,13.093064119197416
1464,15.371895348355196
1465,17.96199474048668
1466,19.078410836471143
1467,16.113313960491965
1468,13.411135420676388
1469,17.078161252237447
1470,20.6136937113869
1471,20.303432546323425
1472,22.19917846919513
1473,22.066174413204504
1474,19.760229153875
1475,21.336754341200347
1476,20.939898642718855
1477,23.535046668349068
1478,23.203426708194538
1479,24.175702914805914
1480,24.598218510329197
1481,20.852979030212023
1482,22.4422672303262
1483,19.07407404415493
1484,20.952742486447722
1485,22.931641534919276
1486,19.152776537207203
1487,16.959431447533348
1488,15.05155886854405
1489,17.72789276657788
1490,15.09408625198123
1491,21.16938807186503
1492,18.054080979239316
1493,19.732969183376106
1494,21.02125216076181
1495,20.473086955662048
1496,20.109074735898115
1497,19.97424034087904
1498,22.11878249895335
1499,23.961907901130726
1500,25.590892560746042
1501,23.356732994169718
1502,22.034554521089206
1503,22.9295261454297
1504,23.73316297761244
1505,25.428433207244883
1506,29.14172200038991
1507,30.196718140787503
1508,27.942390713092422
1509,28.265363712888263
1510,23.081615637200137
1511,24.58133095045427
1512,24.93378819101378
1513,24.251223418816696
1514,26.72307331895829
1515,24.953305818375075
1516,25.033542812183704
1517,22.013655888877064
1518,19.35656931744286
1519,24.757244417445825
1520,24.994842531747423
1521,24.16885330199154
1522,21.75597791760236
1523,18.945956323855658
1524,18.913058935503592
1525,21.79649260974964
1526,24.985068820702022
1527,26.575475912033674
1528,24.53731488858874
1529,23.19150381394246
1530,24.058791110499882
1531,20.82409196842189
1532,25.028098269354174
1533,26.5061484480489
1534,28.126655685328334
1535,27.245985326055028
1536,29.626702029058134
1537,26.484525443538505
1538,24.466340817992794
1539,22.176595353926132
1540,27.750196018486854
1541,31.635086104263184
1542,31.374204327779715
1543,26.55562625366212
1544,23.992552719603893
1545,23.886087015019694
1546,21.45073349586366
1547,24.384688787520883
1548,26.1347888764299
1549,26.79843745386341
1550,23.430118298813618
1551,21.253491743678065
1552,19.022175662404987
1553,19.501717869745942
1554,22.136753633425442
1555,24.90885294822281
1556,26.565281465778938
1557,23.472627721750865
1558,25.834520414709345
1559,22.820757164261316
1560,24.324645771029697
1561,25.538806245665334
1562,25.289577226847747
1563,31.27283504109746
1564,30.5079348040155
1565,27.661859942917317
1566,27.37813316427175
1567,28.559149991013076
1568,26.964852000952185
1569,29.876540776475352
1570,31.88998825842153
1571,27.234851867294854
1572,27.197364333872464
1573,22.91698257527738
1574,25.24351316998485
1575,25.219958371181676
1576,23.573072628037647
1577,27.313443148876438
1578,22.62405152389016
1579,20.103079912418423
1580,19.976846289496134
1581,21.35663889793927
1582,19.391544616806456
1583,22.444036465357456
1584,23.409696440867084
1585,22.903828519211878
1586,20.712504457261126
1587,19.25632895292082
1588,19.492080994319306
1589,23.03930680555812
1590,23.521421976218676
1591,21.801335362654456
1592,26.40382016027106
1593,25.966872901103613
1594,20.503932273420553
1595,23.337070420877406
1596,27.639371793714904
1597,31.5200307420764
1598,28.866943172608487
1599,26.532251121402496
1600,25.344753966076947
1601,26.075295474530954
1602,22.795871354470712
1603,23.408569877187126
1604,24.666355621328176
1605,23.536611141969992
1606,23.260130623632392
1607,23.0019525105511
1608,19.254126856062896
1609,18.15293777197445
1610,19.145095669588642
1611,18.419099250797885
1612,22.233904353143878
1613,19.616997756552866
1614,17.780632438088237
1615,21.95110724333695
1616,18.313255173824732
1617,18.724481752240848
1618,21.28132575278104
1619,24.588391408045815
1620,22.53528150507817
1621,19.045465765070322
1622,22.03239353130885
1623,20.499989207348822
1624,26.2408833280215
1625,26.859356942585134
1626,25.060948045364903
1627,26.527687417013272
1628,22.7731968942738
1629,22.51510383280401
1630,21.849797414948316
1631,20.78587122138226
1632,21.911641667148363
1633,23.98019717140035
1634,19.966555775518444
1635,17.218637333259963
1636,14.408863975079601
1637,16.004373720339355
1638,19.240940297285146
1639,15.425991048204498
1640,16.892797917925805
1641,17.481570463494766
1642,13.25631072960772
1643,12.886244309542993
1644,11.080040569008464
1645,15.118155987540693
1646,16.141971165738312
1647,18.795960800705988
1648,18.625009401820776
1649,19.67240982847438
1650,16.29402778626541
1651,16.898006557761047
1652,18.83652291132326
1653,20.093653025144654
1654,21.946895579158888
1655,20.234083041119966
1656,19.385561401256727
1657,20.07577679705371
1658,16.87426388183558
1659,21.405069330081044
1660,22.836802667260073
1661,39.88185840446033
1662,22.424306512080133
1663,21.838094457592348
1664,22.435164846521346
1665,19.63877814237765
1666,18.54287477603284
1667,19.69356133813934
1668,21.013893560996056
1669,18.505642905440517
1670,14.728699587834045
1671,12.733101282278586
1672,12.514512964107698
1673,12.875864575997166
1674,18.001116073451122
1675,15.390570264420333
1676,16.669812144941933
1677,15.566670335668135
1678,13.977161401206882
1679,12.569535239227967
1680,15.781723338598294
1681,17.112530810587433
1682,16.57119043227338
1683,17.67618457270803
1684,13.957091236307837
1685,16.60035060578406
1686,14.569178632935293
1687,17.06617618753217
1688,19.038343527738423
1689,18.2270087940692
1690,17.910355016405397
1691,13.973183245201302
1692,14.21298068150313
1693,9.636390349480495
1694,12.687946430851348
1695,16.232943131895492
1696,11.48698400595621
1697,10.210556058825812
1698,9.658497724684961
1699,7.571355517153244
1700,7.833072594941699
1701,9.237628564676129
1702,10.805040057242111
1703,11.847972652514478
1704,9.81879541930039
1705,7.360684273672077
1706,8.041043537693003
1707,10.778014903707748
1708,9.896225701929557
1709,10.86525734807024
1710,15.075582368634915
1711,12.854720751772462
1712,8.7110698846145
1713,12.765940568030814
1714,11.592712896827646
1715,14.221534471882043
1716,16.680641610660867
1717,16.966349134757124
1718,16.61733776171047
1719,12.9616128754668
1720,12.9486720486812
1721,11.684198173511602
1722,14.134747802921822
1723,14.807778799889169
1724,12.095735354494426
1725,13.238350618162555
1726,8.259789194825117
1727,8.41382160193122
1728,7.420772164353282
1729,10.56354505016797
1730,8.523543736207614
1731,8.34610847579672
1732,7.534894767594832
1733,5.308822846157717
1734,5.97711715894464
1735,2.9900472715593143
1736,5.792558903423715
1737,7.85620521367444
1738,11.894337831281408
1739,12.654340181446877
1740,8.945031083303979
1741,8.531110269926325
1742,10.02472682560112
1743,13.92924588786682
1744,12.988257422523128
1745,15.654046110076061
1746,16.09047082827511
1747,13.925278254298439
1748,12.517724855945898
1749,14.121718128203756
1750,9.993296390545655
1751,16.2424489180895
1752,14.138078731596224
1753,10.715571427532037
1754,11.86155628767164
1755,11.416141440649351
1756,8.88401992315917
1757,11.467889981981386
1758,13.471291495943074
1759,12.954722501192377
1760,12.01890303372571
1761,8.728479571650906
1762,6.583362256430685
1763,4.541249285752148
1764,8.376379157456922
1765,9.424158581944944
1766,14.840010098227724
1767,10.855066585258449
1768,10.2702695286825
1769,10.589345713374257
1770,10.998476925894774
1771,15.818261378066248
1772,14.646860788009542
1773,16.93289526677759
1774,15.024452426827406
1775,12.88410577580527
1776,13.190254334006696
1777,14.616777239393402
1778,15.617181065084498
1779,16.65951285434599
1780,15.704460452573171
1781,16.207513207549898
1782,11.830903831040711
1783,13.553630435577327
1784,12.27653746246812
1785,10.860690297341426
1786,13.487835937577035
1787,20.2745562351584
1788,19.47863746128844
1789,18.137111806362665
1790,11.29302921945605
1791,13.937356967197218
1792,14.579274918920186
1793,17.10010619747504
1794,16.72250128634521
1795,14.317650937349741
1796,13.540012062548623
1797,12.210872166785997
1798,16.004920756202225
1799,16.685447535334283
1800,21.83201781997209
1801,19.94115420899697
1802,18.54698650252414
1803,16.224161698343337
1804,15.25982377340274
1805,16.431682464628175
1806,21.113729603398404
1807,23.25049218069421
1808,20.573002522411848
1809,23.134908569635073
1810,19.12501031249262
1811,18.65472594424011
1812,20.79729672971242
1813,20.75938397742118
1814,19.985842799545477
1815,18.81719950030512
1816,14.87859736473438
1817,14.734381587120009
1818,13.912032660266753
1819,12.714532716700761
1820,15.248674683782296
1821,16.936059491300945
1822,16.819358515355457
1823,15.19430426606388
1824,14.927110353380677
1825,14.634955254818394
1826,13.230153506651577
1827,19.16306932712162
1828,19.166850325059002
1829,20.494334392108897
1830,21.243132818603414
1831,19.593293354072262
1832,20.36032066866105
1833,20.458860065214534
1834,21.300462056782113
1835,24.845895349643342
1836,23.371224375611508
1837,24.428884700062692
1838,22.600753307236438
1839,21.236095482378524
1840,21.588445623889474
1841,20.249449862908946
1842,23.43967257195668
1843,24.338419817891737
1844,22.857804323788915
1845,18.82256722211684
1846,20.673796723556215
1847,17.39780655212854
1848,21.32206709259465
1849,21.77715264226199
1850,20.377714167717926
1851,22.763647018317705
1852,16.55984096388988
1853,18.7879027086972
1854,19.592591816762738
1855,19.09398284950414
1856,24.331284303564253
1857,22.947595886775247
1858,23.457715572772333
1859,22.525264086991903
1860,21.726976381092417
1861,24.40384222648593
1862,26.77891870753895
1863,25.299897766414766
1864,30.94002852141163
1865,25.96193643399414
1866,28.683217668852464
1867,28.002950155927344
1868,25.16234882468397
1869,27.68469641999516
1870,27.989655022983644
1871,29.353799488238227
1872,27.65090909018737
1873,26.96698019443214
1874,26.030345711831593
1875,25.854623422678664
1876,23.78475692672897
1877,25.207157433320816
1878,22.769009351031034
1879,22.47691826444636
1880,22.982935499948272
1881,22.594502607484387
1882,18.569961132263664
1883,21.115386380987044
1884,23.703342196285284
1885,24.87565578773194
1886,22.62460828097956
1887,23.327121934068295
1888,21.584931196846618
1889,23.41937910948205
1890,26.626060188737803
1891,28.19328553330945
1892,28.708529152302695
1893,28.85937996879093
1894,27.82006542481484
1895,26.87715791901051
1896,27.869560422771038
1897,32.52247198715908
1898,32.68839601345841
1899,31.80309943518004
1900,32.08195650506137
1901,28.41750089589294
1902,29.102054822500676
1903,27.70175441549306
1904,27.908533585202374
1905,29.632936498963186
1906,26.320267717326843
1907,25.265212376171668
1908,22.851194349864166
1909,23.284793433934738
1910,25.676630249146363
1911,27.738432296935205
1912,26.802842192646363
1913,27.02015525288935
1914,22.667505465669986
1915,23.139678509656516
1916,22.134116612559545
1917,23.319514224221354
1918,26.19136422348336
1919,9.994499292459075
1920,10.223740056890318
1921,15.217106038331375
1922,12.592882229949192
1923,15.156513858392417
1924,19.788228888303117
1925,18.154131228364047
1926,18.381312269356737
1927,22.994965270381336
1928,24.63530950812445
1929,24.614945984232065
1930,18.979726049279197
1931,22.002233805859643
1932,22.012166656688272
1933,23.87529944102811
1934,28.05093547924146
1935,20.350313811979625
1936,20.82663952465545
1937,19.652233846341506
1938,20.596142112304506
1939,20.383292721231378
1940,22.06836511192345
1941,21.333591326615213
1942,21.308510714281226
1943,18.865852513600274
1944,19.58899596184417
1945,18.98742495720591
1946,22.298556233013485
1947,23.989795046194633
1948,26.931818755329537
1949,24.963946025819453
1950,21.552629351664944
1951,25.797739301514515
1952,23.66952836095783
1953,26.280588302557454
1954,28.50580506998065
1955,32.30280772097879
1956,26.273586601257186
1957,33.44107277317878
1958,29.181385160486858
1959,28.10989916761908
1960,28.900205791233873
1961,30.482696199208203
1962,30.612515153633577
1963,29.011757118430136
1964,26.36869156075261
1965,23.775721768367312
1966,22.91201950011562
1967,23.748774435506114
1968,24.50442120060557
1969,26.221878638039907
1970,23.772137312282613
1971,16.301593027844497
1972,20.316307811724187
1973,19.85663293646963
1974,21.09010651924347
1975,22.22725392828649
1976,25.136749579322814
1977,24.15259982019309
1978,20.28521632106992
1979,21.481388528868855
1980,20.33853665225085
1981,21.829654096927126
1982,25.032208126965408
1983,28.102914920985185
1984,27.522942911836115
1985,25.386277440588984
1986,24.756665168109826
1987,24.827768834235457
1988,24.511562672096062
1989,27.401268553283522
1990,27.92287739890635
1991,26.2346171059499
1992,24.513463251236605
1993,21.996190772097226
1994,21.083620507204657
1995,22.94260888178074
1996,22.090375891777647
1997,20.465316450693916
1998,19.805072872139156
1999,16.63850989955636
2000,15.222920725444157
2001,15.978808813351677
2002,16.294420338275515
2003,18.46511977542877
2004,16.50938473871025
2005,18.773277945598334
2006,17.04067397125508
2007,15.168126318313448
2008,18.2971321748799
2009,20.869330747439122
2010,19.23772232109487
2011,21.512186690431726
2012,21.007305130264825
2013,19.536909504429254
2014,21.53601769531174
2015,20.695643707100036
2016,22.32338526053238
2017,21.29624708314678
2018,25.500568089448322
2019,21.30634377445216
2020,21.066647271934272
2021,19.717990706596442
2022,21.015600911316856
2023,17.764942871124603
2024,15.8841581266893
2025,20.159866342770002
2026,20.582878210479628
2027,17.113648730127586
2028,13.656488161602672
2029,12.24886212706367
2030,15.133280908759708
2031,13.533378898612066
2032,15.75126420025419
2033,14.52730816366852
2034,13.597531873345416
2035,15.192308259391929
2036,12.297776038802075
2037,12.904466406322616
2038,15.690655376039063
2039,14.034668951738961
2040,15.183196667187028
2041,14.509635666187627
2042,13.872441078738678
2043,15.843332832099764
2044,16.439913066870616
2045,21.31465467344526
2046,20.296818631358818
2047,19.34498976914551
2048,17.13551710424815
2049,16.639978572507232
2050,17.755892640191995
2051,16.254818208313207
2052,17.498434114050355
2053,17.69903183598723
2054,14.28027034691256
2055,12.534839597325464
2056,11.172307635670318
2057,12.825294850079942
2058,12.777550438294254
2059,13.636328893018302
2060,14.522096525634623
2061,11.604062637525494
2062,10.45160260831292
2063,8.5708451057203
2064,9.60139586643903
2065,10.12648543507201
2066,9.268039785673626
2067,13.581963992265873
2068,15.391030906396033
2069,13.522971832673822
2070,13.138012971546427
2071,14.562953528114198
2072,15.000742014242123
2073,17.255388889644863
2074,16.85266861883542
2075,16.539019218678167
2076,16.381982764331358
2077,16.215536145093655
2078,14.467519435631651
2079,15.294512396634335
2080,17.120440791183828
2081,17.865100274196447
2082,13.06446985981508
2083,9.316418070661339
2084,10.064917648616067
2085,8.636010262361776
2086,10.46993158824758
2087,11.819849448575258
2088,11.069411547740094
2089,12.27197240161954
2090,8.402951265190412
2091,6.984907672603701
2092,7.718803655848682
2093,6.674354231835178
2094,11.70650650859156
2095,10.782945999790668
2096,11.330015412088759
2097,7.618184708045945
2098,6.5528489743696365
2099,11.309323170149398
2100,13.06465590333603
2101,13.446564625903134
2102,14.592775351928829
2103,17.159616885619027
2104,12.524860870018045
2105,16.156419917573515
2106,13.066207356478602
2107,17.1361589343994
2108,17.298792596992474
2109,18.982953558717313
2110,15.936598448697302
2111,14.398140532519905
2112,13.132897046562013
2113,11.374651007111035
2114,14.908738527416075
2115,13.912471752447207
2116,14.042954283697764
2117,11.15699395132211
2118,6.471507415148739
2119,8.433001304959323
2120,12.319446323572322
2121,11.16282050230458
2122,11.382527482820025
2123,11.412231416442603
2124,10.914791157572546
2125,10.264578022667832
2126,7.018548503014932
2127,11.387268111426263
2128,12.981639110808622
2129,15.24153583275988
2130,15.934090249093456
2131,14.953208558887546
2132,14.900313435547073
2133,14.343813113718607
2134,13.876572858184764
2135,15.572113728961908
2136,18.488615435320423
2137,21.251872071729448
2138,16.055022778614923
2139,13.906322319849146
2140,15.071526419647983
2141,14.96868140953181
2142,16.299763837367728
2143,17.47882323908934
2144,16.62694453024216
2145,17.56019373626815
2146,10.648343360903185
2147,10.229557139516318
2148,11.282281107733542
2149,10.21485399451084
2150,13.780497540525966
2151,16.737359547992945
2152,13.161011400003979
2153,11.865129188933844
2154,8.829570959784741
2155,10.61498636205724
2156,13.110907059297274
2157,15.448695192635663
2158,19.014559605763264
2159,17.691238342133513
2160,14.329301304569572
2161,16.161248901617597
2162,17.76902266697675
2163,21.075052580308174
2164,23.98557503898764
2165,21.046712762537254
2166,20.701896855113944
2167,18.57602333543679
2168,19.15064001203585
2169,20.550000433124847
2170,22.705384401159503
2171,22.34499469306498
2172,21.915775417526433
2173,20.995179922429596
2174,17.165241798569095
2175,19.819099870383877
2176,14.004066716521663
2177,17.629387075041254
2178,21.3844671236436
2179,18.267615342086447
2180,16.526628574352305
2181,14.310788305157958
2182,13.414028969712191
2183,16.206925760175533
2184,12.62894257991117
2185,20.19932184554012
2186,16.679888496403176
2187,17.98833188666835
2188,16.76491041931807
2189,18.04015667443211
2190,16.021899115069516
2191,21.565182887036872
2192,26.343279040135812
2193,22.471107990843116
2194,24.46487459803407
2195,22.097718348880342
2196,23.173128347439953
2197,23.340626145042467
2198,24.162517175232356
2199,27.525626980767246
2200,29.85306782457213
2201,25.491497918602096
2202,24.72622448318014
2203,20.14322074951542
2204,20.494929910594475
2205,23.633594979659765
2206,26.149144746057214
2207,24.310484029315354
2208,21.75637690530198
2209,20.11015885089708
2210,16.886855107734966
2211,19.919047720884226
2212,21.905284543219327
2213,21.62100816917527
2214,22.28083509678989
2215,22.742498640484648
2216,20.518431211738278
2217,20.663595185472847
2218,25.05163387766603
2219,23.901844706447328
2220,26.128173147709575
2221,26.90132223331612
2222,28.687055044121095
2223,26.272997578106427
2224,25.10049513820695
2225,28.933658125139967
2226,30.996947630480236
2227,29.73199884480508
2228,28.264220954539255
2229,31.38348724403267
2230,26.8531210757759
2231,27.59487703024846
2232,23.33881159874435
2233,28.608512731899282
2234,26.370842923893765
2235,28.998445553961798
2236,26.1774655102636
2237,22.365834257979614
2238,21.55220318242423
2239,23.12702115257403
2240,23.493613938078514
2241,25.592888030379243
2242,28.042490494390883
2243,21.788939756145233
2244,25.129088178719456
2245,22.237992847935335
2246,21.722741527863676
2247,23.365527057860984
2248,27.46549479985785
2249,30.411241109456938
2250,28.68548801239102
2251,30.215823215226468
2252,25.469162104885854
2253,28.73334750158892
2254,29.06825468837607
2255,33.57568308943298
2256,35.13504091280217
2257,32.33451955452487
2258,27.41407509730795
2259,30.473270377266964
2260,31.004603957584195
2261,32.17194529868037
2262,34.51683571614739
2263,30.881179536629126
2264,31.795545222335985
2265,30.15867174816956
2266,23.9418592474594
2267,26.820163424430696
2268,26.545554455533825
2269,28.22072930514565
2270,28.831865781780163
2271,26.20096405816903
2272,24.021831286882808
2273,23.986241759046848
2274,22.815180360594134
2275,24.643035149616026
2276,29.241670160537062
2277,27.38016588589082
2278,29.600109355752096
2279,28.196812407749732
2280,24.499401556497904
2281,27.124373465521224
2282,32.13083246998952
2283,31.006865006229027
2284,32.65730478958992
2285,33.34554467975058
2286,32.34674577380881
2287,29.829375423985294
2288,29.670565817671047
2289,34.0957934212369
2290,35.831184229759224
2291,34.6529736107548
2292,31.704049670078742
2293,28.023235078478105
2294,26.252072464029172
2295,27.990924432359378
2296,28.73171804162921
2297,31.144365900961706
2298,29.84805886089029
2299,25.076143342499428
2300,26.831929876436572
2301,22.343497394169727
2302,23.467654445889103
2303,25.95399302265677
2304,30.261491068649544
2305,32.59174834055182
2306,28.16095961149614
2307,25.76049207231932
2308,26.364144754434154
2309,27.949874329114337
2310,28.400103232442447
2311,33.833071537972565
2312,32.53067367938282
2313,32.441458976180904
2314,31.45318699406566
2315,30.378595252315193
2316,31.62428645005572
2317,31.08295355810464
2318,32.65302635535878
2319,31.982777498087202
2320,32.811349094448126
2321,31.044007678706496
2322,28.8160792073074
2323,30.26427991594063
2324,28.474037760971736
2325,30.175911088589476
2326,27.04135987011554
2327,26.1622070991877
2328,25.25442568567346
2329,23.693295279504518
2330,21.76752721808434
2331,23.199734205286816
2332,22.27589725771186
2333,24.240409663652397
2334,25.02318488786286
2335,22.960169256130477
2336,22.051505829660154
2337,22.16904162101655
2338,24.176152652231263
2339,25.31936875280455
2340,28.36839674688227
2341,27.505872922998577
2342,26.494009520345383
2343,24.45235480724999
2344,22.887626133071013
2345,29.715378810050833
2346,29.182191200837863
2347,29.12441296989867
2348,30.36556768817623
2349,26.8461201069839
2350,27.64671915364874
2351,26.81953268224955
2352,27.824397717369365
2353,25.56903804363726
2354,29.018599623635936
2355,25.678168804734256
2356,22.16690407895715
2357,21.057312320579175
2358,17.83059206949756
2359,22.027928671982387
2360,20.903530221734535
2361,20.404202987435635
2362,18.809490788212607
2363,20.916612609245064
2364,17.25895352705674
2365,21.066782822999173
2366,19.829356036678295
2367,20.045534081517253
2368,21.81023566901346
2369,24.80330795323368
2370,21.55070305386449
2371,20.442594180763002
2372,22.414293506894214
2373,24.944131985916822
2374,27.7881304406539
2375,28.90828116259646
2376,25.21364741681654
2377,21.979200614456445
2378,22.061743023916755
2379,23.10093004311015
2380,22.325641106974942
2381,23.265595018010657
2382,24.859216627612867
2383,22.359477895298994
2384,19.86137173400286
2385,16.683765097658288
2386,16.962910291907463
2387,16.629133140044576
2388,20.131821633624092
2389,20.055717185526575
2390,14.098897594915286
2391,13.332462494763707
2392,11.153924274945094
2393,12.730669524385737
2394,15.231535765191811
2395,14.992640750332383
2396,16.562968321584144
2397,15.876119631872697
2398,16.576745536581015
2399,15.978879822392686
2400,15.909253769202653
2401,19.43225766721732
2402,20.496359052381923
2403,21.824353144684945
2404,24.10471882539501
2405,22.205763236616043
2406,17.37153220912326
2407,21.017729304055653
2408,22.47055637737718
2409,20.861127199449516
2410,23.819701611479953
2411,23.305611138284686
2412,16.95388538825819
2413,15.461945581317655
2414,17.96831392610186
2415,17.594575649303987
2416,18.755539999641424
2417,18.029396536284075
2418,16.283058128043717
2419,11.316324348464086
2420,13.247044862126746
2421,13.395159870940828
2422,12.578470015635553
2423,14.285771678867924
2424,12.452519630723495
2425,14.591824029634715
2426,13.225619550565295
2427,11.586358590102787
2428,14.235610163657958
2429,14.15756955247616
2430,17.648933810377486
2431,16.24184470050485
2432,17.210247195172077
2433,15.749182129543238
2434,15.685458706989365
2435,15.494192763377
2436,17.608257644451815
2437,20.668325134381792
2438,19.08171902159414
2439,16.028585982735443
2440,18.9806363521682
2441,16.882916415262724
2442,12.697417685605794
2443,16.59905719945099
2444,15.692338930106146
2445,16.530426774033494
2446,14.811266947941048
2447,11.645030003591888
2448,9.175735704448606
2449,9.239390508118513
2450,10.125062847431822
2451,11.490203610543318
2452,12.85099460935198
2453,10.782798112481855
2454,11.289500756665525
2455,11.712310195711439
2456,9.432591909063142
2457,12.778851191234498
2458,15.380093250084515
2459,16.437040996843443
2460,15.506883737717734
2461,15.518347536421004
2462,14.760605198752966
2463,13.218610507843009
2464,18.502227283055138
2465,20.536231654243277
2466,18.753543657030928
2467,19.03046206269882
2468,18.263208766320233
2469,15.685017188060433
2470,17.686634720368787
2471,20.740749379706983
2472,17.014830412669536
2473,15.84886619365281
2474,16.56797360573616
2475,14.697571026813456
2476,11.42267791747583
2477,13.601085853994093
2478,10.30477354780578
2479,14.334361289914593
2480,12.30701616039887
2481,14.3836896128633
2482,12.879566387432094
2483,7.63940772252647
2484,8.49242827877085
2485,12.466283821317178
2486,12.60000160341955
2487,14.065017780556246
2488,13.758823442663164
2489,9.852075908133344
2490,12.422122141250991
2491,12.603568738422345
2492,15.255402130926738
2493,20.471238934606927
2494,17.480105464732176
2495,20.077032838352018
2496,17.15968654545928
2497,16.400793684835566
2498,18.576592521460977
2499,19.50768011049555
2500,21.323505539673715
2501,21.96154385482031
2502,18.478899672736624
2503,15.787357550771352
2504,13.40526969148515
2505,13.564290817798835
2506,20.177898303976303
2507,18.609102773352653
2508,14.591327688678398
2509,13.134054976350127
2510,13.801872728954264
2511,12.64747690780467
2512,13.010380792059639
2513,13.492880578657575
2514,15.524732053461609
2515,17.006653118490824
2516,16.105294608703183
2517,11.564181697537988
2518,14.202750176729086
2519,14.44904935270828
2520,18.370633800358465
2521,24.960997968703147
2522,22.194132707861726
2523,20.796034665693313
2524,21.523730760524273
2525,20.27487148639359
2526,20.92281693297573
2527,22.974025359551714
2528,26.765931645330603
2529,22.27226502968947
2530,23.353866922048542
2531,19.145305782225797
2532,19.803428709266573
2533,17.411340866403417
2534,19.10482670919523
2535,20.206416565665947
2536,21.86329604531867
2537,20.10233602968867
2538,14.602053621662398
2539,15.055391604484317
2540,14.006673346820117
2541,14.605502600901968
2542,17.749900573081895
2543,18.183992463329307
2544,21.556130106316854
2545,17.340537168242424
2546,14.198506846749863
2547,16.585383690539768
2548,21.410126655640454
2549,25.527416012236664
2550,21.39403602585091
2551,20.74305671629427
2552,25.47924120784918
2553,22.96318644101839
2554,22.165132938178882
2555,26.426013508840565
2556,23.69767313655929
2557,28.363022313660796
2558,27.937429321295575
2559,27.114770728960927
2560,22.99763051894521
2561,24.77133936718844
2562,24.44015789291949
2563,27.303268851854742
2564,25.42472372760341
2565,24.4974857158874
2566,21.297977368192885
2567,22.12864253271184
2568,22.32272213633756
2569,21.825578201316887
2570,23.482754011031655
2571,21.447102195163833
2572,22.034106803420624
2573,20.762799870532994
2574,23.922043772867838
2575,19.08279743328704
2576,25.011106511503073
2577,26.48318231700208
2578,26.490797755348822
2579,28.38140245499156
2580,25.35274471166097
2581,25.08347086069083
2582,25.563753899691786
2583,29.741328988657166
2584,31.728377627809312
2585,30.03820864397771
2586,28.297994456016383
2587,28.482681047999165
2588,26.60885407571516
2589,28.06260194708969
2590,31.406788519064186
2591,30.13721496826333
2592,30.75284213890051
2593,29.352350441287204
2594,28.282801441389097
2595,22.018042453989164
2596,24.335779483763773
2597,26.639385881527474
2598,29.270033616928952
2599,26.79903641922343
2600,23.439769011454608
2601,25.258976585677328
2602,22.253405149333222
2603,21.922434823953
2604,24.6031237191579
2605,27.243107022861295
2606,27.54941628591444
2607,24.730802594402565
2608,28.403527926785614
2609,28.703410703278117
2610,28.999348796893432
2611,28.720646795656272
2612,32.49387297316809
2613,33.91018706357909
2614,34.37746989066653
2615,33.26672584286926
2616,30.460821227266035
2617,32.29702606814507
2618,34.48799453977026
2619,37.4520918889604
2620,36.458617995331714
2621,35.108328100183826
2622,31.796545224713245
2623,32.0867421208829
2624,30.283199082796806
2625,29.212001075772065
2626,33.43656916285462
2627,32.05443901815042
2628,28.60807239197582
2629,26.251280395687857
2630,25.878159858071545
2631,26.190856761842557
2632,27.178523869266666
2633,28.89048699368096
2634,31.492870967369452
2635,29.75212981863527
2636,27.11831727560843
2637,27.706899406220064
2638,25.775917989973607
2639,30.20099687857062
2640,34.63995583678109
2641,32.754550963591115
2642,31.477193434415604
2643,30.733388580730182
2644,29.614772437807353
2645,30.97517717572671
2646,33.554687485805516
2647,33.82376574859424
2648,36.455363043596314
2649,36.67101414395014
2650,32.04724410152614
2651,34.177371807584635
2652,32.51137628804648
2653,34.227696792911935
2654,32.57144879082247
2655,34.508519898478234
2656,29.789859843783493
2657,30.34253133619683
2658,27.559137304719115
2659,27.981889132089478
2660,26.527641471503756
2661,28.21615469426267
2662,30.685560210247846
2663,27.276239625883242
2664,27.79460038081398
2665,24.241484351010385
2666,28.349290459417315
2667,27.29527245344584
2668,32.11999086088454
2669,33.25241838590347
2670,30.844795307253797
2671,31.675562817094534
2672,30.71762971813823
2673,30.439825744811763
2674,31.735124426608614
2675,32.182151236484124
2676,36.211623925556765
2677,32.28119736920026
2678,32.902277083360424
2679,30.99279505879006
2680,32.35616273424673
2681,31.878345506493908
2682,32.7185721812463
2683,33.9271043765167
2684,31.422090917376075
2685,28.804332793000427
2686,27.10508645529544
2687,23.677331353914507
2688,27.94454092791601
2689,28.657087614330763
2690,26.08981103240908
2691,25.801128886436434
2692,24.164821304924594
2693,22.89629377071884
2694,24.105446984498766
2695,27.59276442211253
2696,29.0526566509902
2697,26.391952418557093
2698,28.853832899865857
2699,28.89041987994756
2700,27.144170528736783
2701,29.213843865773917
2702,32.75834344695977
2703,33.37912905873977
2704,44.33873004189731
2705,43.83922682825238
2706,40.092112205815226
2707,38.09653514138589
2708,37.1033065864792
2709,40.63173100183064
2710,37.624595154601025
2711,40.45564178374035
2712,36.67359473913364
2713,30.887042986090464
2714,31.22519043507335
2715,26.677961571281124
2716,31.124304775635757
2717,31.926594486048742
2718,29.027474599250098
2719,28.057355428629354
2720,28.23435203397368
2721,22.774379933913483
2722,21.79957545920656
2723,26.805010190078256
2724,28.8822237996635
2725,26.276233526611048
2726,26.79261015601077
2727,25.76071477159541
2728,21.85953021902013
2729,23.0092562151305
2730,27.56603360987605
2731,30.239739990478625
2732,29.350577225311337
2733,26.461785177631203
2734,29.30663634297783
2735,24.627474674537446
2736,25.369392722717038
2737,27.881061973192022
2738,31.05813817145518
2739,29.539940454241897
2740,27.374298966879618
2741,25.167611637169532
2742,22.812300962011857
2743,23.250936133985437
2744,19.41513094871469
2745,23.54184343421833
2746,23.96117831201572
2747,20.06028961566266
2748,19.97310975601583
2749,17.446061112835743
2750,20.334383368560328
2751,21.199154902419153
2752,19.430257052582515
2753,20.171916704313208
2754,19.24517014828778
2755,17.132928697076288
2756,17.34695911376374
2757,16.745986863787348
2758,18.286058249076518
2759,23.078137929954945
2760,24.10513893448135
2761,21.50223505190467
2762,22.912747583701016
2763,20.072018604183857
2764,22.223702173999357
2765,24.958529221533134
2766,25.42414136596647
2767,26.574614312441074
2768,23.909260739302205
2769,22.368581190370666
2770,20.835232285243826
2771,19.83412886552172
2772,21.55624483075117
2773,20.2700209325524
2774,21.3827070637969
2775,19.71393455248503
2776,17.121689995848037
2777,15.19112428044013
2778,15.037322897981733
2779,16.693161529104156
2780,18.244986348277745
2781,15.875806361799036
2782,13.644687969655521
2783,11.99030564605681
2784,11.739742774263192
2785,12.482814139065697
2786,13.716417172701115
2787,14.91354383115262
2788,17.085348762085637
2789,17.56145111983282
2790,17.094800384009055
2791,14.947872148357956
2792,16.198410566499362
2793,17.59274678866851
2794,21.026143690908302
2795,20.615087204660433
2796,21.9754289269869
2797,16.879359025852892
2798,17.97455290433444
2799,19.248273213274025
2800,20.395903897458776
2801,25.232494560309494
2802,21.506288988284762
2803,17.7127429242644
2804,16.60361729659732
2805,12.237983657287108
2806,14.41054306330672
2807,14.12473793144629
2808,17.65617186870454
2809,15.282727101445643
2810,14.403005486840398
2811,11.575729420133563
2812,13.886945892930829
2813,11.165600801026741
2814,16.09254706811679
2815,16.40365926466252
2816,16.695487682051624
2817,15.956429861882507
2818,14.856522097027973
2819,10.947218128241811
2820,14.487950254977935
2821,18.413594431029118
2822,19.275040592306276
2823,18.19856841104813
2824,19.623207205043453
2825,20.88273888720366
2826,19.34000107594687
2827,17.84095517720997
2828,20.850398688793724
2829,20.211553626054783
2830,18.223025679624072
2831,17.812771774330432
2832,19.202724592633203
2833,14.676805524282843
2834,14.366654336449265
2835,15.081506975561643
2836,19.19831384282827
2837,18.458797249986336
2838,17.633400949444017
2839,11.803124937690031
2840,11.004080484147398
2841,8.421270464885243
2842,14.386342509792852
2843,12.062300939605112
2844,14.772782022437356
2845,12.127972470739055
2846,11.710654685798126
2847,10.938881662054552
2848,12.45436885085439
2849,14.979475478821184
2850,17.428699397242468
2851,20.66849438694274
2852,17.435664005949707
2853,18.389480148726815
2854,19.42135955271182
2855,17.72094872959501
2856,19.360476546840292
2857,21.8972049825188
2858,24.492241180398995
2859,21.87573282224572
2860,18.852399353488632
2861,18.96128081850012
2862,16.522461421820115
2863,20.224500629969558
2864,20.777320717692294
2865,19.45208393804694
2866,16.93294157698937
2867,14.511422445616969
2868,15.00466391670469
2869,15.959421624586994
2870,14.35876338779499
2871,17.327634882281846
2872,13.797090445874211
2873,15.016706680297432
2874,14.306836874472648
2875,12.243436333368216
2876,13.055191286464693
2877,15.599155338678315
2878,19.268816214395347
2879,19.664198554675846
2880,16.267641677147164
2881,15.473359526793232
2882,17.39974967634543
2883,20.064363744203803
2884,17.419495230257265
2885,22.849407799867343
2886,23.56829560362308
2887,25.59666553564804
2888,21.30021538241239
2889,21.330722390287754
2890,21.183712018611583
2891,19.051347482937846
2892,24.57624158206766
2893,23.671416882488376
2894,22.519396521852386
2895,25.384022839093408
2896,14.773075251280968
2897,20.403359628787015
2898,18.553006162617706
2899,20.682515987841626
2900,20.394629075587293
2901,18.582664465583544
2902,16.618195538014852
2903,17.032206884885856
2904,14.952665112078208
2905,20.37223323758986
2906,20.776296213379343
2907,20.79891598178105
2908,21.5361618070042
2909,23.223957038188363
2910,20.347623936614973
2911,22.96801623450598
2912,23.75725377513267
2913,28.348648691735228
2914,29.326681519470966
2915,30.571077274854993
2916,26.242878034993527
2917,26.71877567714219
2918,26.381606477711387
2919,29.714958445124964
2920,28.07643291277697
2921,30.338094622627302
2922,27.404944720265508
2923,25.326538458309845
2924,23.870808257190646
2925,23.852372564659188
2926,24.21283550385047
2927,25.65011078394803
2928,27.51788581052551
2929,25.07152730796702
2930,22.79968757834215
2931,19.50235025439327
2932,19.15793716043743
2933,23.564663113630353
2934,25.243481862776502
2935,26.911210623789955
2936,23.241643431138122
2937,22.718580681650725
2938,20.27305327524658
2939,23.355080528217407
2940,27.871764417706178
2941,28.123113864415814
2942,31.033326863597974
2943,29.51917718366818
2944,29.292792967629886
2945,26.63899615272975
2946,29.389467519954028
2947,26.718492648544604
2948,32.725398286875865
2949,31.03857671219417
2950,34.16391154684134
2951,31.484327666791142
2952,29.52509176051372
2953,30.995363603229592
2954,28.297610857345493
2955,33.31990530096373
2956,31.899408647571036
2957,28.513123615281856
2958,28.347146250069013
2959,23.502575139971594
2960,24.023660181934016
2961,25.753015925399573
2962,27.41944269176742
2963,27.144774154031335
2964,29.758842501774147
2965,26.21573465609053
2966,26.590847238551092
2967,26.238267501614715
2968,26.653107581601546
2969,32.13227978846375
2970,30.046856855214475
2971,32.522548786351145
2972,29.58868603744127
2973,34.2199507796735
2974,33.57384813894183
2975,34.389226775445564
2976,38.01059015482355
2977,35.4011978895136
2978,36.41646437302885
2979,34.02260498289402
2980,32.74657661636974
2981,34.22205880457095
2982,34.44007024815202
2983,34.71485869735722
2984,31.50424513507564
2985,30.756721252805605
2986,29.57635294135903
2987,28.15745423967355
2988,26.118771328205934
2989,32.50578526580094
2990,32.36159045601691
2991,31.15527768464085
2992,29.214095807893454
2993,27.152010931962323
2994,25.22372760065771
2995,27.573785152233942
2996,29.970243291621998
2997,29.96982004362679
2998,33.50285723430196
2999,32.53810699398145
